<?xml version="1.0" encoding="UTF-8"?>
<beans xmlns="http://www.springframework.org/schema/beans"
       xmlns:xsi="http://www.w3.org/2001/XMLSchema-instance"
       xmlns:context="http://www.springframework.org/schema/context"
       xmlns:tx="http://www.springframework.org/schema/tx" xmlns:jpa="http://www.springframework.org/schema/data/jpa"
       xmlns:websocket="http://www.springframework.org/schema/websocket"
       xsi:schemaLocation="http://www.springframework.org/schema/beans http://www.springframework.org/schema/beans/spring-beans-4.0.xsd
		http://www.springframework.org/schema/context http://www.springframework.org/schema/context/spring-context-4.0.xsd
		http://www.springframework.org/schema/tx http://www.springframework.org/schema/tx/spring-tx-4.0.xsd
		http://www.springframework.org/schema/data/jpa http://www.springframework.org/schema/data/jpa/spring-jpa-1.3.xsd http://www.springframework.org/schema/websocket http://www.springframework.org/schema/websocket/spring-websocket.xsd"
       default-lazy-init="true">

    <description>Spring公共配置</description>

    <!-- 使用annotation 自动注册bean, 并保证@Required、@Autowired的属性被注入 -->
    <context:component-scan base-package="com.jf">
        <context:exclude-filter type="annotation"
                                expression="org.springframework.stereotype.Controller"/>
        <context:exclude-filter type="annotation"
                                expression="org.springframework.web.bind.annotation.ControllerAdvice"/>
    </context:component-scan>

    <!-- Jpa Entity Manager 配置 -->
    <bean id="entityManagerFactory"
          class="org.springframework.orm.jpa.LocalContainerEntityManagerFactoryBean">
        <property name="dataSource" ref="dataSource"/>
        <property name="jpaVendorAdapter" ref="hibernateJpaVendorAdapter"/>
        <property name="packagesToScan" value="com.jf"/>
    </bean>

    <!-- JdbcTemplate -->
    <bean id="jdbcTemplate" class="org.springframework.jdbc.core.JdbcTemplate">
        <property name="dataSource" ref="dataSource"/>
    </bean>

    <bean id="hibernateJpaVendorAdapter"
          class="org.springframework.orm.jpa.vendor.HibernateJpaVendorAdapter">
        <property name="databasePlatform" value="org.hibernate.dialect.MySQL5InnoDBDialect"/>
        <property name="generateDdl" value="true"/>
        <property name="showSql" value="true"/>
    </bean>

    <!-- Spring Data Jpa配置 -->
    <jpa:repositories base-package="com.jf"
                      transaction-manager-ref="transactionManager"
                      entity-manager-factory-ref="entityManagerFactory"/>

    <!-- Jpa 事务配置 -->
    <bean id="transactionManager" class="org.springframework.orm.jpa.JpaTransactionManager">
        <property name="entityManagerFactory" ref="entityManagerFactory"/>
    </bean>

    <!-- 使用annotation定义事务 -->
    <tx:annotation-driven transaction-manager="transactionManager"
                          proxy-target-class="true"/>

    <!-- JSR303 Validator定义 -->
    <bean id="validator"
          class="org.springframework.validation.beanvalidation.LocalValidatorFactoryBean"/>

    <!-- production环境 -->
    <beans profile="production">
        <context:property-placeholder
                ignore-unresolvable="true" location="classpath*:/application.properties"/>

        <!-- 数据源配置, 使用Tomcat JDBC连接池 -->
        <bean id="dataSource" class="com.alibaba.druid.pool.DruidDataSource" init-method="init"
              destroy-method="close">
            <!-- Connection Info -->
            <property name="driverClassName" value="${jdbc.driver}"/>
            <property name="url" value="${jdbc.url}"/>
            <property name="username" value="${jdbc.username}"/>
            <property name="password" value="${jdbc.password}"/>

            <!-- Connection Pooling Info -->
            <property name="maxActive" value="${jdbc.pool.maxActive}"/>
            <property name="initialSize" value="${jdbc.pool.initialSize}"/>
            <property name="minIdle" value="0"/>

            <!-- 配置获取连接等待超时的时间 -->
            <property name="maxWait" value="20000"/>

            <!-- 配置间隔多久才进行一次检测，检测需要关闭的空闲连接，单位是毫秒 -->
            <property name="timeBetweenEvictionRunsMillis" value="60000"/>

            <!-- 配置一个连接在池中最小生存的时间，单位是毫秒 -->
            <property name="minEvictableIdleTimeMillis" value="300000"/>

            <property name="testWhileIdle" value="true"/>

            <!-- 这里建议配置为TRUE，防止取到的连接不可用 -->
            <property name="testOnBorrow" value="true"/>
            <property name="testOnReturn" value="false"/>

            <!-- 打开PSCache，并且指定每个连接上PSCache的大小 -->
            <property name="poolPreparedStatements" value="true"/>
            <property name="maxPoolPreparedStatementPerConnectionSize"
                      value="20"/>

            <!-- 这里配置提交方式，默认就是TRUE，可以不用配置 -->
            <property name="defaultAutoCommit" value="true"/>

            <!-- 验证连接有效与否的SQL，不同的数据配置不同 -->
            <property name="validationQuery" value="select 1 "/>
            <property name="filters" value="stat"/>
            <property name="proxyFilters">
                <list>
                    <ref bean="logFilter"/>
                </list>
            </property>
        </bean>

        <bean id="logFilter" class="com.alibaba.druid.filter.logging.Slf4jLogFilter">
            <property name="statementExecutableSqlLogEnable" value="false"/>
        </bean>
    </beans>

</beans>