<?xml version="1.0" encoding="UTF-8"?>
<beans xmlns="http://www.springframework.org/schema/beans"
       xmlns:xsi="http://www.w3.org/2001/XMLSchema-instance"
       xsi:schemaLocation="http://www.springframework.org/schema/beans http://www.springframework.org/schema/beans/spring-beans-4.0.xsd"
       default-lazy-init="true">

    <description>Shiro安全配置</description>

    <!-- Shiro's main business-tier object for web-enabled applications -->
    <bean id="securityManager" class="org.apache.shiro.web.mgt.DefaultWebSecurityManager">
        <property name="realm" ref="shiroDbRealm"/>
        <property name="cacheManager" ref="shiroEhcacheManager"/>
        <property name="sessionManager" ref="sessionManager"/>
        <property name="rememberMeManager" ref="rememberMeManager"/>
    </bean>

    <!-- 会话ID生成器 -->
    <bean id="sessionIdGenerator"
          class="org.apache.shiro.session.mgt.eis.JavaUuidSessionIdGenerator"/>
    <!-- 会话Cookie模板 -->
    <bean id="sessionIdCookie" class="org.apache.shiro.web.servlet.SimpleCookie">
        <constructor-arg value="sid"/>
        <property name="httpOnly" value="true"/>
        <property name="maxAge" value="-1"/>
    </bean>

    <bean id="rememberMeCookie" class="org.apache.shiro.web.servlet.SimpleCookie">
        <constructor-arg value="rememberMe"/>
        <property name="httpOnly" value="true"/>
        <property name="maxAge" value="2592000"/>
    </bean>

    <bean id="rememberMeManager" class="org.apache.shiro.web.mgt.CookieRememberMeManager">
        <!-- rememberMe cookie加密的密钥 建议每个项目都不一样 默认AES算法 密钥长度（128 256 512 位）-->
        <property name="cipherKey"
                  value="#{T(org.apache.shiro.codec.Base64).decode('4AvVhmFLUs0KTA3Kprsdag==')}"/>
        <property name="cookie" ref="rememberMeCookie"/>
    </bean>

    <!-- 会话DAO -->
    <bean id="sessionDAO" class="org.apache.shiro.session.mgt.eis.EnterpriseCacheSessionDAO">
        <property name="sessionIdGenerator" ref="sessionIdGenerator"/>
    </bean>

    <!-- 用户授权信息Cache, 采用EhCache -->
    <bean id="shiroEhcacheManager" class="org.apache.shiro.cache.ehcache.EhCacheManager">
        <property name="cacheManagerConfigFile" value="classpath:ehcache-shiro.xml"/>
    </bean>


    <!-- 会话验证调度器 -->
    <bean id="sessionValidationScheduler"
          class="org.apache.shiro.session.mgt.quartz.QuartzSessionValidationScheduler">
        <property name="sessionValidationInterval" value="1800000"/>
        <property name="sessionManager" ref="sessionManager"/>
    </bean>


    <!-- 会话管理器 -->
    <bean id="sessionManager"
          class="org.apache.shiro.web.session.mgt.DefaultWebSessionManager">
        <property name="globalSessionTimeout" value="3600000"/>
        <property name="deleteInvalidSessions" value="true"/>
        <property name="sessionValidationSchedulerEnabled" value="true"/>
        <property name="sessionValidationScheduler" ref="sessionValidationScheduler"/>
        <property name="sessionDAO" ref="sessionDAO"/>
        <property name="sessionIdCookieEnabled" value="true"/>
        <property name="sessionIdCookie" ref="sessionIdCookie"/>
    </bean>

    <!-- 凭证匹配器 -->
    <bean id="credentialsMatcher" class="com.jf.shiro.RetryLimitHashedCredentialsMatcher">
        <constructor-arg ref="shiroEhcacheManager"/>
        <property name="hashAlgorithmName" value="md5"/>
        <property name="hashIterations" value="2"/>
        <property name="storedCredentialsHexEncoded" value="true"/>
    </bean>


    <!-- 項目自定义的Realm, 所有accountService依赖的dao都需要用depends-on声明 -->
    <bean id="shiroDbRealm" class="com.jf.shiro.ShiroDbRealm">
        <property name="credentialsMatcher" ref="credentialsMatcher"/>
        <property name="cachingEnabled" value="false"/>
    </bean>

    <bean id="sessionControlFilter" class="com.jf.shiro.SessionControlFilter">
        <property name="sessionManager" ref="sessionManager"/>
        <property name="cacheManager" ref="shiroEhcacheManager"/>
        <!--踢出顺序，默认踢出先登录的-->
        <property name="kickOutAfter" value="false"/>
        <property name="maxSession" value="1"/>
        <property name="kickOutUrl" value="/login?kickout=1"/>
    </bean>

    <!-- Shiro Filter -->
    <bean id="formAuthenticationFilter" class="com.jf.shiro.CustomFormAuthenticationFilter">
        <property name="rememberMeParam" value="rememberMe"/>
    </bean>

    <bean id="captchaFilter" class="com.jf.shiro.captcha.CaptchaFilter"/>
    <!--验证码检查-->
    <bean id="captchaCheckFilter" class="com.jf.shiro.captcha.CaptchaCheckFilter"/>

    <bean id="shiroFilter" class="org.apache.shiro.spring.web.ShiroFilterFactoryBean">
        <property name="securityManager" ref="securityManager"/>
        <property name="loginUrl" value="/login"/>
        <property name="successUrl" value="/website"/>
        <property name="filters">
            <map>
                <entry key="sessionfilter" value-ref="sessionControlFilter"/>
                <entry key="captcha" value-ref="captchaFilter"/>
                <entry key="authc" value-ref="formAuthenticationFilter"/>
                <entry key="captchaCheck" value-ref="captchaCheckFilter"/>
            </map>
        </property>
        <property name="filterChainDefinitions">
            <value>
                /** = anon
            </value>
        </property>
    </bean>

</beans>