<?xml version="1.0" encoding="UTF-8"?>
<beans xmlns="http://www.springframework.org/schema/beans"
       xmlns:xsi="http://www.w3.org/2001/XMLSchema-instance"
       xmlns:context="http://www.springframework.org/schema/context"
       xmlns:mvc="http://www.springframework.org/schema/mvc"
       xsi:schemaLocation="http://www.springframework.org/schema/mvc http://www.springframework.org/schema/mvc/spring-mvc-4.0.xsd
		http://www.springframework.org/schema/beans http://www.springframework.org/schema/beans/spring-beans-4.0.xsd
		http://www.springframework.org/schema/context http://www.springframework.org/schema/context/spring-context-4.0.xsd">

    <!-- 自动扫描且只扫描@Controller -->
    <context:component-scan base-package="com.jf.controller"
                            use-default-filters="false">
        <context:include-filter type="annotation"
                                expression="org.springframework.stereotype.Controller"/>
        <context:include-filter type="annotation"
                                expression="org.springframework.web.bind.annotation.ControllerAdvice"/>
        <context:include-filter type="annotation"
                                expression="org.springframework.web.servlet.config.annotation.EnableWebMvc"/>
    </context:component-scan>

    <context:annotation-config/>

    <!-- 保证实现了Shiro内部lifecycle函数的bean执行 -->
    <bean id="lifecycleBeanPostProcessor" class="org.apache.shiro.spring.LifecycleBeanPostProcessor"/>

    <bean class="org.springframework.aop.framework.autoproxy.DefaultAdvisorAutoProxyCreator"
          depends-on="lifecycleBeanPostProcessor">
        <property name="proxyTargetClass" value="true"/>
    </bean>
    <bean class="org.apache.shiro.spring.security.interceptor.AuthorizationAttributeSourceAdvisor">
        <property name="securityManager" ref="securityManager"/>
    </bean>

    <!-- 支持上传文件 -->
    <bean id="multipartResolver"
          class="org.springframework.web.multipart.commons.CommonsMultipartResolver">
        <!-- 设置上传文件的最大尺寸为100MB -->
        <property name="maxUploadSize">
            <value>104857600</value>
        </property>
        <property name="defaultEncoding">
            <value>UTF-8</value>
        </property>
        <property name="maxInMemorySize" value="2048"/>
    </bean>

    <bean id="conversionService"
          class="org.springframework.format.support.FormattingConversionServiceFactoryBean">
        <property name="converters">
            <list>
            </list>
        </property>
    </bean>

    <mvc:annotation-driven conversion-service="conversionService">
        <mvc:message-converters>
            <!-- 将StringHttpMessageConverter的默认编码设为UTF-8 -->
            <bean class="org.springframework.http.converter.StringHttpMessageConverter">
                <constructor-arg value="UTF-8"/>
            </bean>
            <!-- 将Jackson2HttpMessageConverter的默认格式化输出设为true -->
            <bean
                    class="org.springframework.http.converter.json.MappingJackson2HttpMessageConverter">
                <!--<property name="prettyPrint" value="true" />-->
                <property name="objectMapper">
                    <bean class="com.fasterxml.jackson.databind.ObjectMapper">
                        <property name="dateFormat">
                            <bean class="java.text.SimpleDateFormat">
                                <!--@JsonFormat(pattern="yyyy-MM-dd HH:mm:ss",timezone = "GMT+8")若要改变格式化格式，在Bean中加注解-->
                                <constructor-arg type="java.lang.String" value="yyyy-MM-dd HH:mm:ss"/>
                            </bean>
                        </property>
                    </bean>
                </property>
            </bean>
        </mvc:message-converters>
    </mvc:annotation-driven>
    <!--&lt;!&ndash; 定义拦截器 &ndash;&gt;-->
    <!--<mvc:interceptors>-->
        <!--<mvc:interceptor>-->
            <!--<mvc:mapping path="/**"/>-->
            <!--<mvc:exclude-mapping path="/login"/>-->
            <!--<mvc:exclude-mapping path="/static/**"/>-->
            <!--<mvc:exclude-mapping path="/test/**"/>-->
            <!--<mvc:exclude-mapping path="/error/**"/>-->
            <!--<mvc:exclude-mapping path="/user/msg"/>-->
            <!--<bean class="com.jf.shiro.handle.PermissionHandlerInterceptorAdapter"/>-->
        <!--</mvc:interceptor>-->
    <!--</mvc:interceptors>-->
    <!-- 定义JSP文件的位置 -->
    <bean
            class="org.springframework.web.servlet.view.InternalResourceViewResolver">
        <property name="prefix" value="/WEB-INF/views/"/>
        <property name="suffix" value=".jsp"/>
        <property name="order" value="1"/>
    </bean>

    <!-- 容器默认的DefaultServletHandler处理 所有静态内容与无RequestMapping处理的URL -->
    <mvc:default-servlet-handler/>


    <mvc:view-controller path="/" view-name="index/MainHomeView"/>
    <!-- 将Controller抛出的异常转到特定View -->
    <bean class="org.springframework.web.servlet.handler.SimpleMappingExceptionResolver">
        <property name="exceptionMappings">
            <props>
                <prop key="java.lang.Throwable">error/500</prop>
            </props>
        </property>
    </bean>
</beans>
